{
  "train_loss": [
    14057.843322753906,
    14049.006271362305,
    14020.855407714844,
    13960.573593139648,
    13855.374084472656,
    13729.50065612793,
    13590.240036010742,
    13425.299667358398,
    13247.776641845703,
    13048.999816894531,
    12837.428482055664,
    12606.490997314453,
    12355.369277954102,
    12090.105850219727,
    11811.35043334961,
    11510.523941040039,
    11195.271438598633,
    10864.31314086914,
    10515.470840454102,
    10153.020721435547,
    9786.840621948242,
    9410.049255371094,
    9050.06462097168,
    8718.845260620117,
    8413.474533081055,
    8137.404647827148,
    7890.516929626465,
    7663.068115234375,
    7444.8635330200195,
    7241.778671264648
  ],
  "val_loss": [
    16857.946707589286,
    16838.49044363839,
    16798.930524553572,
    16725.23214285714,
    16595.399344308036,
    16463.557965959822,
    16312.56703404018,
    16143.035365513393,
    15955.240931919643,
    15749.474818638393,
    15526.12339564732,
    15285.401785714286,
    15027.58119419643,
    14752.9677734375,
    14461.88853236607,
    14154.613699776786,
    13831.406668526786,
    13492.54673549107,
    13138.392368861607,
    12770.000906808036,
    12390.944161551339,
    12006.223597935268,
    11628.555245535714,
    11271.116629464286,
    10936.930943080357,
    10626.217180524554,
    10338.346993582589,
    10066.267403738839,
    9806.87583705357,
    9556.87904575893
  ]
}