epoch,step,train_loss,val_loss
0,19,,0.2964782416820526
0,19,0.3454989790916443,
1,39,,0.2488727867603302
1,39,0.25688713788986206,
